<?xml version="1.0" encoding="UTF-8"?>
<project-private xmlns="http://www.netbeans.org/ns/project-private/1">
    <editor-bookmarks xmlns="http://www.netbeans.org/ns/editor-bookmarks/2" lastBookmarkId="0"/>
    <open-files xmlns="http://www.netbeans.org/ns/projectui-open-files/2">
        <group>
            <file>file:/C:/Users/ifg/Documents/NetBeansProjects/MenuValidacaoMTP/src/view/FrmPrincipal.java</file>
            <file>file:/C:/Users/ifg/Documents/NetBeansProjects/MenuValidacaoMTP/src/telaloginmtp/TelaLoginMTP.java</file>
            <file>file:/C:/Users/ifg/Documents/NetBeansProjects/MenuValidacaoMTP/src/view/TelaLogin.java</file>
            <file>file:/C:/Users/ifg/Documents/NetBeansProjects/MenuValidacaoMTP/src/model/Cidade.java</file>
            <file>file:/C:/Users/ifg/Documents/NetBeansProjects/MenuValidacaoMTP/src/view/FrmCadCidade.java</file>
        </group>
    </open-files>
</project-private>
